review,score
"This app is fantastic! I use it every day and it works flawlessly. Highly recommend to anyone looking for a reliable tool.",5
"Terrible experience. The app crashes every single time I try to open it and I've lost all my data twice now.",1
"Good overall but the latest update made the interface a bit confusing. Hoping for a fix in the next release.",4
"It's okay. Does what it says but nothing special. I wouldn't pay for the premium version honestly.",3
"Best!!!",5
"Worst",1
"AMAZING AMAZING AMAZING APP MUST DOWNLOAD NOW!!!!!!",5
"love love love love love love love love love love love",5
"Check out www.example.com for more discount codes and free offers",5
"This is a really thoughtful piece of software. The developers clearly care about the user experience and it shows in every detail from onboarding to the settings menu.",5
"I hate everything about this app, absolutely disgusting garbage.",5
"Amazing! Best app ever, I love it so much!",1
"The app has good features but the notifications are too frequent. Would be nice to have more granular control.",4
"Pretty bad performance on older devices. Constant lag makes it almost unusable on my phone from 2019.",2
"Works as expected. No complaints.",4
"Complete waste of money, do not download, total scam, worst experience of my life!!!!!",1
"Decent app with room to grow. The core functionality is solid but the UI feels dated compared to competitors.",3
"Nice 😊😊😊😊😊",5
"Had some issues at first but customer support was responsive and helped me sort it out within a day.",4
"Buggy slow and crashes",1
